nct_id,brief_title,description,brief_title_concepts_list,brief_summary_concepts_list,tot_subj_affected,tot_subj_risk,relevance,citationSum,citationAvg,briefTitlePageRankScore,briefTitleAndSummaryCombinedPageRankScore
NCT00836836,Modified Atkins Diet in Childhood Epilepsy,"~     Seizures are a frequent cause of morbidity in the pediatric age group. Uncontrolled seizures~     pose a variety of risks to children, including higher rates of mortality, developmental delay~     and/or regression, and cognitive impairment. The ketogenic diet is a well known treatment~     option for refractory epilepsy. However it is very restrictive and requires strict weighing~     of foods. The modified Atkins diet is a dietary therapy for intractable childhood epilepsy~     that was designed to be a less restrictive alternative to the traditional ketogenic diet.~     Early studies have demonstrated efficacy and safety.There are no randomized trials evaluating~     the efficacy of the modified Atkins diet in children with refractory epilepsy. Hence this~     study has been planned to investigate whether there are clear benefits in terms of seizure~     control in children with refractory epilepsy who are treated with the modified Atkins diet,~     versus controls.~   ",C0014544,C0259972;C0684321;C0036572;C0014544;C0014544;C0014544;C0259972;C0036572;C0014544;C0036572,0.0,0.0,-1,28.0,28.0,0.08379303301010049,0.06269356885068135
NCT00235755,Retigabine Efficacy and Safety Trial for Partial Onset Refractory Seizures in Epilepsy,"~     This Phase 3 study is being conducted to evaluate the efficacy and safety of retigabine dosed~     at 900 mg/day and 600 mg/day, in three equally divided doses, compared with placebo in~     patients with epilepsy who are receiving up to three established antiepileptic drugs (AEDs).~   ",C0036572;C0014544,C0014544;C3687832;C0032042,1146.0,56791.0,-1,11.0,11.0,0.05770989465047266,0.06212994382238565
NCT01261325,Brivaracetam Efficacy and Safety Study in Subjects With Partial Onset Seizures,~     This study will evaluate the efficacy and safety of brivaracetam at doses of 100 and~     200mg/day compared to placebo as adjunctive treatment in adult focal epilepsy subjects with~     partial onset seizures not fully controlled despite current treatment with 1 or 2 concomitant~     antiepileptic drugs.~   ,C1699861;C0036572,C1699861;C0014544;C0036572;C0032042;C0180112;C0376495;C0376495,635.0,25182.0,-1,56.0,9.33333333333333,0.03236388919157957,0.0616391733170379
NCT00504881,Brivaracetam as add-on Treatment in Adolescents and Adults Suffering From Epilepsy,This study will compare the safety and efficacy of Brivaracetam at flexible dose with Placebo      in subjects suffering from Epilepsy.,C1699861;C0087111;C0683278;C0014544,C1699861;C0683278;C0014544;C0032042;C0947630,508.0,17760.0,0,18.0,18.0,0.06032202566135573,0.060564212587487745
NCT00232596,Retigabine (Adjunctive Therapy) Efficacy and Safety Study for Partial Onset Refractory Seizures in Epilepsy,"This Phase 3 study is being conducted to evaluate the efficacy and safety of retigabine dosed      at 1200 mg/day, in three equally divided doses, compared with placebo in patients with      epilepsy who are receiving up to three established antiepileptic drugs (AEDs).",C0530684;C2825951;C0036572;C0014544;C0087111;C0947630,C0003299;C0530684;C0014544;C0032042;C0947630;C1561538;C0220825,1224.0,37960.0,0,11.0,11.0,0.05336459647687891,0.05801824073970021
NCT00761774,"An Open-label, Multinational, Multicenter, Follow-up Study to Evaluate the Long-term Safety and Efficacy of Brivaracetam",~     The Sponsor wishes to develop brivaracetam as an anti-epileptic treatment in subjects 16~     years and older with epilepsy. This study permits continued access to treatment for subjects~     who participated in a previous epilepsy study. The study will explore the long-term safety~     and efficacy of brivaracetam.~   ,C1699861,C1699861;C0014544;C0014544;C1699861;C0376495;C1444662;C0376495,464.0,7776.0,-1,0.0,0.0,0.032312376332983464,0.05591657631794063
NCT01118949,Open-Label Study to Assess Lacosamide Safety as Add-on Therapy for Primary Generalized Tonic-Clonic Seizures in Subjects With Epilepsy,The purpose is to assess the safety of Lacosamide in subjects with uncontrolled Primary      Generalized Tonic-Clonic (PGTC) seizures with Idiopathic Generalized Epilepsy.,C0494475;C0893761;C0014544;C0087111;C1522485;C0947630,C0270850;C0893761;C0036572;C4520708,145.0,931.0,0,2.0,2.0,0.04550031267506404,0.05357372818183536
NCT02205931,Ketogenic Diet in Infants With Epilepsy (KIWE),"~     Epilepsy, a condition where individuals are prone to recurrent epileptic seizures, is the~     most common chronic neurological disorder in children. Epilepsy onset is most common in the~     first two years of life and is associated with poor prognosis for seizure control and~     neurodevelopmental outcome.~      The ketogenic diet (KD) is a medically supervised diet that is high in fat and restricted in~     carbohydrates and protein. KD therapy has shown to be an effective treatment for seizures in~     children with epilepsy older than two. Associated benefits include: a reduced requirement for~     routine and emergency antiepileptic drugs (AED) and fewer seizure related hospital~     admissions. Although reports suggest that KD therapy improves seizures in younger children~     there is no high quality trial data that demonstrates effectiveness and safety in this age~     group. The KD is resource intensive, requiring dietetic and physician time; data is required~     to justify expansion of services to cater for the apparent need.~      The investigators therefore propose a prospective multicentre randomised trial to investigate~     the effectiveness and safety of the KD in children with epilepsy under the age of 2, who have~     failed to respond to two or more AEDs. Children will be randomly assigned to either receive~     the KD or further AEDs. The allocated treatment will be started after a 2week baseline~     period, and it's effectiveness assessed after 8 weeks. Seizure diaries will be used to record~     seizures and related events, a questionnaire will be used to assess diet tolerance; also~     growth and blood biochemistry will be monitored.~      The information obtained from this study is necessary to optimise choices in epilepsy~     treatment, aiming to improve outcomes and thus determine whether and when the KD should~     should be used.~   ",C0259972;C0014544,C0259972;C0014544;C0036572;C0014544;C0036572;C0014544;C0036572;C0014544;C0036572;C0036572;C0036572;C0036572;C0018270;C3687832;C0005767;C0034394;C0014544;C0184511;C0684224;C0184511;C0033621;C0376495;C0376495;C0376495,0.0,0.0,-1,,,0.05854148831043467,0.051121661927213374
NCT00210782,A Comparison of the Effectiveness and Safety of Topiramate and Phenytoin in Patients With New Onset Epilepsy Requiring Rapid Initiation of Antiepileptic Drug Treatment,"The purpose of this study is to compare the effectiveness and safety of two treatment      regimens, topiramate as compared to phenytoin, in preventing seizures in patients with      new-onset epilepsy who require rapid initiation of antiepileptic drug therapy. Reasons for      requiring rapid initiation of treatment, rather than slowly increasing an antiepileptic drug      to an effective dose, may include severe or frequent seizures, or high risk to the patient of      recurrent seizures.",C4553491;C0003299;C0076829;C0031507;C0087111;C0014544;C0013227;C1550655;C0589507;C0882214,C0003299;C0003299;C4553491;C0076829;C0589507;C0589507;C0087111;C0031507;C0087111;C0332167;C2945654;C0036572;C0014544;C0036572;C0036572;C0087111;C0205082;C0947630;C1578513;C3245501;C0221106,,,0,8.0,8.0,0.04548176767767778,0.05083073626675206
NCT00142805,Ketasyn in Mild to Moderate Alzheimer's Disease,"~     The purpose of this study is to evaluate the safety, tolerability and effectiveness of~     Ketasyn™ administered once a day for ninety days in subjects with mild to moderate, probable~     Alzheimer's disease.~   ",C0002395,C0002395,0.0,0.0,-1,136.0,68.0,0.04999999999999973,0.05000000000000037
NCT03052998,Ivermectin Treatment in Patients With Onchocerciasis-associated Epilepsy,"Many studies have reported an association between epilepsy, including Nodding Syndrome (NS),      and onchocerciasis (river blindness). A high prevalence of epilepsy has been noted      particularly in onchocerciasis hyperendemic areas where onchocerciasis is not or      insufficiently controlled with mass Ivermectin distribution. There is evidence that      increasing the coverage of Ivermectin reduces the incidence of epilepsy and anecdotal      evidence suggests a reduction in seizure frequency in onchocerciasis associated epilepsy      (OAE) patients who receive Ivermectin. Finding an alternative treatment for epilepsy in these      patients will have major consequences.      Objective      To assess whether Ivermectin treatment decreases the frequency of seizures and leads to      seizure freedom in OAE patients, including patients with NS. If we are able to demonstrate      such an effect this would be an extra argument that Onchocerciasis is causing epilepsy and      that therefore we should increase our efforts to eliminate onchocerciasis.      Methods      We will conduct a randomized clinical trial in the Democratic Republic of Congo (DRC) to      compare seizure freedom in onchocerciasis infested epilepsy patients who receive immediate      Ivermectin treatment with delayed (after four months) Ivermectin treatment. All participants      will simultaneously receive anti-epileptic drugs (AEDs) according to local guidelines for      epilepsy treatment. The primary endpoint is seizure freedom defined as no seizures during the      fourth month of follow-up. Secondary endpoint is significant (>50%) seizure reduction      compared to baseline seizure frequency. Reduction of seizures will be compared between      Ivermectin and non-Ivermectin arms.      Current status      Start of enrolment is planned from March 2017 and we expect to have enrolled all 110      participants by August 2017. Results are expected early 2018.      Discussion      If Ivermectin treatment, in addition to AEDs, is able to lead to seizure freedom or      significantly reduces seizure frequency in OAE patients this will have major consequences for      epilepsy treatment in Onchocerciasis endemic regions. Ivermectin is donated for free, and in      non Loa-Loa endemic regions has negligible side effects. Reducing the burden of epilepsy will      have a major impact on quality of life and socio-economic status of families with affected      members in Africa.",C0029001;C0022322;C0087111;C0014544;C1550655,C0206034;C0149775;C0149775;C0149775;C3658353;C2986535;C0029002;C0518214;C0029001;C0029001;C0029001;C0029001;C0029001;C0029001;C0029001;C0029001;C0877248;C0004083;C0022322;C0022322;C0022322;C0022322;C0022322;C0022322;C0162791;C0022322;C0022322;C0022322;C0022322;C4551656;C0087111;C0018017;C0087111;C1697779;C0087111;C0087111;C0014544;C0087111;C4551656;C1293152;C0087111;C0087111;C0700287;C0014544;C0014544;C3854012;C0014544;C0014544;C0014544;C0036572;C0014544;C0014544;C0014544;C0036572;C0036572;C4684790;C0014544;C0014544;C0947630;C0037088;C0036572;C0025663;C0036572;C0036572;C0036572;C0036572;C1518681;C0013227;C1561542;C0577559;C1299581;C0446516;C1299581;C1442948;C1378698;C0015264;C4684637;C2825142;C2911690;C0557061;C3166194;C0442797;C2347273;C0027627;C4055646;C1561542;C1328018;C1101725;C0221106;C0204742;C0728774;C4698437;C0034770,,,0,3.0,3.0,0.04586530589440751,0.04996797006256941
NCT02100501,Prospective Study of Comparison Between the Modified Atkins Diet and Classic Ketogenic Diet for Intractable Childhood Epilepsy,"~     The Ketogenic diet is a now proven, evidence based treatment of refractory epilepsy. the~     classic ketogenic diet (KD) is based on a ratio of fat to carbohydrate and protein, usually~     3:1 or 4:1. Fat is proven long-chain triglycerides. The efficacy of the KD has been proven by~     many multicenter trials. But, side effects of ketogenic diet therapy is severe. The modified~     atkins diet (MAD) was designed and investigated at Johns Hopkins Hospital, which aimed to~     propose a less restrictive dietary treatment that would be more palatable to children and~     adolescents with less side effects. The MAD consist of a nearly balance diet (60% fat, 30%~     protein, and 10% carbohydrates by weight), without any restriction on the recommended daily~     calories. Some literature suggested that the MAD is an effective treatment for refractory~     epilepsy. But, no randomised controlled study has been tried. the investigators aimed in this~     prospective study to evaluate the efficacy, safety and tolerability of MAD comparing to KD.~     The patients were recruited between age 3 to 18 years old with intractable epilepsy. Enrolled~     patients were randomly assigned to either one of two groups; the KD group and MAD group. The~     patients were required to attend outpatient clinic after 1, 3month to record their seizure~     frequency and severity, while their dietary treatment.~   ",C0259972;C0014544,C0259972;C0259972;C0259972;C0023866;C0014544;C0014544;C0014544;C0014653;C3888388;C0036572;C0034869;C0017860;C0033621;C0033621;C0180112;C0376495;C0376495;C0376495,0.0,0.0,-1,18.0,18.0,0.05854148831043467,0.04989272850103115
NCT01118962,Open-Label Extension Study to Assess the Safety and Seizure Frequency Associated With Lacosamide for Primary Generalized Tonic-Clonic Seizures in Subjects With Epilepsy,"~     The purpose is to obtain data on the safety and seizure frequency associated with long-term~     oral Lacosamide for uncontrolled primary generalized tonic-clonic (PGTC) seizures in subjects~     with idiopathic generalized Epilepsy. Additionally, to allow subjects who have completed~     SP0961 (NCT01118949) to continue to receive Lacosamide.~   ",C0036572;C0014544;C0036572;C3543842;C0233494,C0270850;C0036572;C0036572;C3543842,160.0,1638.0,-1,5.0,5.0,0.04366864807445528,0.04975094359336566
NCT00564915,RCT of the Efficacy of the Ketogenic Diet in the Treatment of Epilepsy,A study of the efficacy and tolerability of two different ketogenic diets in children with      drug resistant epilepsy; children resistant to at least two drugs randomised to reveive diet      after baseline or after further 3m control period; in addition randomised to either MCT or      classical ketogenic diet.,C0259972;C0087111;C0014544,C0259972;C0014544;C0025344;C0947630;C0013227;C0013227;C0724624;C0259972;C1514892;C1514892;C0728774,,,1,154.0,154.0,0.06248023471756317,0.04933141408475618
NCT01728077,"Evaluation of Long-term Safety, and Efficacy of Brivaracetam (BRV) Used as Adjunctive Treatment in Subjects With Epilepsy","N01372 study is to evaluate the long-term safety, tolerability, maintenance of efficacy of      Brivaracetam (BRV); as well as the effect of BRV on subjects' health-related quality of life      and to explore the direct medical resource use for BRV (for subjects entering N01372 from a      study where pharmacoeconomic data was collected). BRV will be used at doses up to maximum of      200 mg/day, as adjunctive treatment in subjects aged 16 years or older with Epilepsy.",C1699861;C0220825;C2825951;C0087111;C0014544,C3858690;C0518214;C1699861;C0014544;C1518681;C3244286;C0947630;C0947630;C3245479;C1273517;C1561538;C0935444;C0180799;C0233492;C1555709;C0220825,108.0,1092.0,0,0.0,0.0,0.05794419594469758,0.046594751838688914
NCT02098941,"Evaluate Retention Rate of Topiramate, Levetiracetam and Oxcarbazepine in a Long-term Epilepsy Treatment","~     The Objective of this study is to compare 2-year retention rate of topiramate, levetiracetam~     and oxcarbazepine in a long term epilepsy treatment.~   ",C0377265;C0069751;C0076829;C0014544;C0376495,C0069751;C0076829;C0014544;C0377265,0.0,0.0,-1,,,0.03642537746730713,0.04444779953344232
NCT02178995,Methylphenidate Treatment of Attention Deficits in Epilepsy,"Methylphenidate (MPH) has long been used to improve attention and cognitive difficulties      associated with ADHD, including in children with ADHD and epilepsy (Torres et al., 2008).      Methylphenidate (MPH) is also helpful in treating attention and other cognitive difficulties      in a variety of other neurological and medical conditions (Kajs-Wyllie, 2002; Prommer, 2012).      We seek to evaluate the potential efficacy and safety of this medication in treating      attention deficits, as well as other cognitive difficulties, experienced by adult patients      with epilepsy.      To our knowledge, there are currently very few studies which explicitly examine the impact of      MPH on measureable attention deficits and other cognitive deficits in adult patients with      epilepsy. We hope to quantify what impact, if any, methylphenidate has on attention, in      addition to other specific measureable cognitive functions, in patients with cognitive      complaints and epilepsy, and contribute to a growing body of evidence which supports the      safety of methylphenidate's use for attention deficits in patients with epilepsy. As other      effective treatments for attention and other cognitive difficulties in patients with epilepsy      are not currently available, MPH could represent an important option in the treatment of such      patients.",C0025810;C0087111;C0004268;C0014544,C0392335;C0009241;C0025810;C0025810;C0025810;C0025810;C1299586;C1299586;C1299586;C1299586;C0013227;C0277786;C0087111;C0004268;C0004268;C0004268;C0376554;C0004268;C0004268;C0004268;C0004268;C0087111;C0014544;C0014544;C0014544;C1552740;C0014544;C0014544;C0014544;C0947630;C1273517;C0392347;C0237607;C0012634;C0184511;C0000589;C2707261;C4084912;C3843395;C0150312;C0220825,14.0,480.0,0,5.0,5.0,0.04769385725182229,0.04346004698664365
NCT00150800,"This Trial, Evaluating the Long-term Safety and Tolerability of Brivaracetam Will Provide Subjects Suffering From Epilepsy, Who May Have Benefited From Brivaracetam as Adjunctive Treatment, the Opportunity to Receive Open Label Brivaracetam Treatment","This trial, evaluating the long-term safety and tolerability of brivaracetam will provide      subjects suffering from epilepsy, who may have benefited from brivaracetam as adjunctive      treatment, the opportunity to receive open label brivaracetam treatment.",C4684765;C1699861;C1699861;C1699861;C2825951;C0683278;C0087111;C0087111;C0014544;C1522485;C0042950,C4684765;C1699861;C1699861;C1699861;C0683278;C0087111;C0087111;C0014544;C1705425;C1555587;C2825951;C0018792,2842.0,138069.0,0,0.0,0.0,0.05845832443951477,0.04224259959437991
NCT01721213,Trobalt™ Products Risk Survey,"~     As part of a European post-marketing commitment, GSK will conduct a survey of physicians' and~     patients' understanding of the significant risks associated with Trobalt™ (retigabine), as~     described in the Patient Information Leaflet (PIL) and the Physician's Guide. The goal of the~     surveys is to evaluate the effectiveness of the educational plan as specified in the European~     Risk Management Plan (RMP).~      The objectives of this study are to assess patients' and prescribers' understanding and~     knowledge of the significant risks associated with Trobalt™ use as evaluated by a survey~     instrument.~      This is a cross sectional survey of:~        1. 250 patients recruited from across the following countries (United Kingdom, Sweden,~          Denmark, Switzerland, Spain, Slovakia and Norway) and up to 100 patients from Germany~          who are currently using or have filled a prescription for Trobalt™ at least once in the~          last 3 months.~        2. 200 neurologists who have prescribed an anti-epileptic drug (AED) at least once in the~          last 3 months, and who were on the list to which a letter containing the Physician's~          Guide for Trobalt™ was distributed from across the following countries (United Kingdom,~          Sweden, Denmark, Switzerland, Spain, Slovakia and Norway). At least 75 of the~          neurologists will have prescribed Trobalt™. The survey will also aim to include up to~          100 neurologists from Germany of which approximately 50 will have prescribed Trobalt™.~      Patients eligible for the survey will be asked to take the survey online or via a telephone~     interview if the latter is preferred. Neurologists will be invited to take the survey online.~      The selected countries were the first five countries to launch Trobalt™ (Germany, Denmark,~     United Kingdom, Switzerland and Sweden) and an additional three countries with launch in~     2011, but with relatively high rates of uptake of Trobalt™ (Spain, Slovakia and Norway). The~     selection of countries includes Switzerland, which is not part of the European Union.~     However, the key messages regarding the risks with Trobalt™ are in alignment. The rationale~     for surveying the first five countries to launch is so that any issues identified from these~     countries regarding the effectiveness of the Physician's Guide and PIL in communicating the~     risks of Trobalt™ can be addressed as soon as possible, and the key messages can be revised~     in a timely manner. In addition, these countries are likely to provide the greatest number of~     neurologists with experience of prescribing Trobalt™, and their patients.~      The primary outcome of the survey is the proportion of patients/neurologists providing~     correct responses to a series of questions concerning the significant risks associated with~     Trobalt™. The risks evaluated will be those described in the Trobalt™ PIL and in the~     Physician's Guide.~   ",C0038951,C1955348;C0596545;C0376554;C0332149;C3273178;C0038951;C0243144;C0745732;C2948600;C0038951;C0038951;C0038951;C0038951;C0038951;C0038951;C0038951;C0600091;C0678257;C1442065,0.0,0.0,-1,1.0,1.0,0.049999999999999746,0.033233424257479494
NCT01538355,A Pilot Trial to Test the Feasibility of Prolonged Fasting and Ketogenic Diet in Relapsing-remitting Multiple Sclerosis,"~     It is well accepted that nutrition as an environmental factor is involved in the pathogenesis~     of multiple sclerosis. But is there a role for prolonged fasting and ketogenic low glycemic~     load treatment to alter the course of multiple sclerosis (MS)? The investigators think yes~     there is. Primarily the investigators want to detect if these diets are feasible for MS~     patients. Therefore the investigators examine the impact of this dietary intervention on the~     health related quality of life for individuals after 7 days, 3 months and 6 months in compare~     to baseline. Secondarily the investigators focus on endocrinological and immunological~     changes after 7 days, 3 months and 6 months in compare to baseline.~   ",C0026769;C0259972;C0015663,C0026769;C0026769;C0015663;C0699748;C0332128;C0162429;C0376495,0.0,0.0,-1,68.0,34.0,0.019533183913250804,0.02459047953660857
